Filename,Predictions
closed\closed_eye_2255.jpg_face_1_L.jpg,closed
closed\closed_eye_2255.jpg_face_1_R.jpg,closed
closed\closed_eye_2256.jpg_face_1_L.jpg,closed
closed\closed_eye_2256.jpg_face_1_R.jpg,closed
closed\closed_eye_2258.jpg_face_1_L.jpg,closed
closed\closed_eye_2258.jpg_face_1_R.jpg,closed
closed\closed_eye_2259.jpg_face_1_L.jpg,closed
closed\closed_eye_2259.jpg_face_1_R.jpg,closed
closed\closed_eye_2260.jpg_face_2_R.jpg,closed
closed\closed_eye_2263.jpg_face_1_L.jpg,closed
closed\closed_eye_2269.jpg_face_2_R.jpg,closed
closed\closed_eye_2271.jpg_face_1_L.jpg,closed
closed\closed_eye_2288.jpg_face_1_L.jpg,closed
closed\closed_eye_2295.jpg_face_1_R.jpg,closed
closed\closed_eye_2297.jpg_face_1_L.jpg,closed
closed\closed_eye_2301.jpg_face_1_R.jpg,closed
closed\closed_eye_2303.jpg_face_2_R.jpg,closed
closed\closed_eye_2304.jpg_face_16_R.jpg,open
closed\closed_eye_2308.BMP_face_1_L.jpg,closed
closed\closed_eye_2313.jpg_face_2_L.jpg,closed
closed\closed_eye_2313.jpg_face_2_R.jpg,closed
closed\closed_eye_2315.JPG_face_1_L.jpg,closed
closed\closed_eye_2315.JPG_face_1_R.jpg,closed
closed\closed_eye_2317.jpg_face_1_R.jpg,open
closed\closed_eye_2322.jpg_face_1_L.jpg,closed
closed\closed_eye_2327.jpg_face_2_L.jpg,closed
closed\closed_eye_2327.jpg_face_2_R.jpg,open
closed\closed_eye_2329.BMP_face_2_L.jpg,closed
closed\closed_eye_2335.jpg_face_1_L.jpg,closed
closed\closed_eye_2335.jpg_face_1_R.jpg,closed
closed\closed_eye_2336.jpg_face_1_R.jpg,closed
closed\closed_eye_2339.jpg_face_1_L.jpg,closed
closed\closed_eye_2344.jpg_face_1_R.jpg,closed
closed\closed_eye_2352.jpg_face_1_L.jpg,open
closed\closed_eye_2352.jpg_face_1_R.jpg,open
closed\closed_eye_2356.jpg_face_1_R.jpg,closed
closed\closed_eye_2358.jpg_face_2_L.jpg,closed
closed\closed_eye_2358.jpg_face_2_R.jpg,closed
closed\closed_eye_2363.jpg_face_1_L.jpg,open
closed\closed_eye_2363.jpg_face_1_R.jpg,open
closed\closed_eye_2365.jpg_face_2_L.jpg,closed
closed\closed_eye_2367.jpg_face_1_L.jpg,open
closed\closed_eye_2372.jpg_face_1_L.jpg,open
closed\closed_eye_2374.jpg_face_1_L.jpg,closed
closed\closed_eye_2382.jpg_face_1_R.jpg,closed
closed\closed_eye_2383.jpg_face_2_L.jpg,closed
closed\closed_eye_2383.jpg_face_2_R.jpg,closed
closed\closed_eye_2384.jpg_face_1_L.jpg,closed
closed\closed_eye_2384.jpg_face_1_R.jpg,closed
closed\closed_eye_2387.jpg_face_1_R.jpg,closed
closed\closed_eye_2391.jpg_face_1_R.jpg,open
closed\closed_eye_2393.jpg_face_1_L.jpg,closed
closed\closed_eye_2395.jpg_face_1_R.jpg,closed
closed\closed_eye_2400.jpg_face_1_L.jpg,closed
closed\closed_eye_2403.jpg_face_1_L.jpg,closed
closed\closed_eye_2408.jpg_face_1_L.jpg,closed
closed\closed_eye_2408.jpg_face_1_R.jpg,closed
closed\closed_eye_2409.jpg_face_1_L.jpg,closed
closed\closed_eye_2413.jpg_face_3_L.jpg,closed
closed\closed_eye_2420.jpg_face_1_L.jpg,closed
closed\closed_eye_2428.jpg_face_4_L.jpg,closed
closed\closed_eye_2431.jpg_face_1_L.jpg,closed
closed\closed_eye_2431.jpg_face_1_R.jpg,closed
closed\closed_eye_2442.jpg_face_1_R.jpg,closed
closed\closed_eye_2445.jpg_face_1_L.jpg,closed
closed\closed_eye_2448.jpg_face_1_R.jpg,closed
closed\closed_eye_2464.jpg_face_2_L.jpg,closed
closed\closed_eye_2464.jpg_face_2_R.jpg,closed
closed\closed_eye_2466.jpg_face_1_L.jpg,closed
closed\closed_eye_2476.jpg_face_1_L.jpg,closed
closed\closed_eye_2481.jpg_face_1_L.jpg,closed
closed\closed_eye_2481.jpg_face_1_R.jpg,closed
closed\closed_eye_2488.jpg_face_1_L.jpg,closed
closed\closed_eye_2490.jpg_face_1_L.jpg,closed
closed\closed_eye_2500.jpg_face_1_L.jpg,closed
closed\closed_eye_2500.jpg_face_1_R.jpg,closed
closed\closed_eye_2501.jpg_face_2_R.jpg,closed
closed\closed_eye_2502.jpg_face_1_L.jpg,closed
closed\closed_eye_2504.jpg_face_1_R.jpg,closed
closed\closed_eye_2505.jpg_face_1_L.jpg,closed
closed\closed_eye_2506.jpg_face_1_R.jpg,closed
closed\closed_eye_2507.jpg_face_1_L.jpg,closed
closed\closed_eye_2507.jpg_face_1_R.jpg,closed
closed\closed_eye_2508.jpg_face_1_L.jpg,closed
closed\closed_eye_2511.jpg_face_1_R.jpg,closed
closed\closed_eye_2513.jpg_face_2_R.jpg,closed
closed\closed_eye_2518.jpg_face_1_L.jpg,closed
closed\closed_eye_2521.jpg_face_1_L.jpg,closed
closed\closed_eye_2522.jpg_face_3_L.jpg,closed
closed\closed_eye_2522.jpg_face_3_R.jpg,closed
closed\closed_eye_2524.jpg_face_2_R.jpg,closed
closed\closed_eye_2526.BMP_face_2_L.jpg,closed
closed\closed_eye_2526.BMP_face_2_R.jpg,closed
closed\closed_eye_2528.jpg_face_1_L.jpg,open
closed\closed_eye_2530.jpg_face_1_L.jpg,closed
closed\closed_eye_2531.jpg_face_1_R.jpg,closed
closed\closed_eye_2532.jpg_face_1_L.jpg,open
closed\closed_eye_2534.jpg_face_1_L.jpg,open
closed\closed_eye_2544.BMP_face_1_L.jpg,closed
closed\closed_eye_2545.jpg_face_2_R.jpg,closed
closed\closed_eye_2547.jpg_face_1_R.jpg,closed
closed\closed_eye_2568.jpg_face_1_L.jpg,closed
closed\closed_eye_2569.jpg_face_1_L.jpg,closed
closed\closed_eye_2574.jpg_face_1_L.jpg,open
closed\closed_eye_2582.jpg_face_1_L.jpg,closed
closed\closed_eye_2582.jpg_face_1_R.jpg,closed
closed\closed_eye_2586.jpg_face_1_R.jpg,closed
closed\closed_eye_2600.jpg_face_1_L.jpg,closed
closed\closed_eye_2600.jpg_face_1_R.jpg,closed
closed\closed_eye_2601.jpg_face_1_R.jpg,closed
closed\closed_eye_2603.jpg_face_1_L.jpg,closed
closed\closed_eye_2605.jpg_face_1_L.jpg,open
closed\closed_eye_2619.jpg_face_1_L.jpg,closed
closed\closed_eye_2625.BMP_face_1_L.jpg,closed
closed\closed_eye_2626.BMP_face_1_L.jpg,closed
closed\closed_eye_2629.jpg_face_1_R.jpg,closed
closed\closed_eye_2634.jpg_face_1_R.jpg,closed
closed\closed_eye_2641.jpg_face_2_R.jpg,closed
closed\closed_eye_2643.jpg_face_1_L.jpg,closed
closed\closed_eye_2659.jpg_face_1_R.jpg,closed
closed\closed_eye_2663.jpg_face_1_L.jpg,closed
closed\closed_eye_2663.jpg_face_1_R.jpg,closed
closed\closed_eye_2666.jpg_face_1_R.jpg,closed
closed\closed_eye_2672.jpg_face_1_R.jpg,open
closed\closed_eye_2677.jpg_face_1_R.jpg,closed
closed\closed_eye_2680.jpg_face_2_R.jpg,closed
closed\closed_eye_2681.jpg_face_2_L.jpg,open
closed\closed_eye_2687.jpg_face_1_R.jpg,closed
closed\closed_eye_2691.jpg_face_1_L.jpg,closed
closed\closed_eye_2693.jpg_face_1_R.jpg,open
closed\closed_eye_2695.jpg_face_1_L.jpg,closed
closed\closed_eye_2695.jpg_face_1_R.jpg,closed
closed\closed_eye_2696.jpg_face_1_L.jpg,open
closed\closed_eye_2696.jpg_face_1_R.jpg,closed
closed\closed_eye_2699.jpg_face_1_L.jpg,closed
closed\closed_eye_2707.jpg_face_1_R.jpg,closed
closed\closed_eye_2708.jpg_face_1_R.jpg,closed
closed\closed_eye_2713.jpg_face_1_R.jpg,closed
closed\closed_eye_2728.jpg_face_1_R.jpg,closed
closed\closed_eye_2735.jpg_face_1_R.jpg,closed
closed\closed_eye_2736.jpg_face_1_L.jpg,closed
closed\closed_eye_2738.jpg_face_1_L.jpg,closed
closed\closed_eye_2741.jpg_face_1_L.jpg,open
closed\closed_eye_2741.jpg_face_1_R.jpg,closed
closed\closed_eye_2747.BMP_face_1_R.jpg,closed
closed\closed_eye_2749.jpg_face_2_L.jpg,closed
closed\closed_eye_2750.jpg_face_1_L.jpg,open
closed\closed_eye_2758.jpg_face_1_L.jpg,closed
closed\closed_eye_2758.jpg_face_1_R.jpg,closed
closed\closed_eye_2767.BMP_face_1_R.jpg,closed
closed\closed_eye_2768.jpg_face_1_R.jpg,closed
closed\closed_eye_2778.jpg_face_2_R.jpg,closed
closed\closed_eye_2794.jpg_face_1_L.jpg,closed
closed\closed_eye_2794.jpg_face_1_R.jpg,closed
closed\closed_eye_2795.jpg_face_1_L.jpg,closed
closed\closed_eye_2803.jpg_face_1_R.jpg,closed
closed\closed_eye_2817.jpg_face_1_R.jpg,closed
closed\closed_eye_2847.jpg_face_2_L.jpg,open
open\Chan_Ho_Park_0001_R.jpg,closed
open\Chandrika_Kumaratunga_0001_L.jpg,open
open\Chandrika_Kumaratunga_0001_R.jpg,open
open\Charles_Bell_0001_L.jpg,open
open\Chen_Liang_Yu_0001_L.jpg,open
open\Chen_Liang_Yu_0001_R.jpg,open
open\Chen_Shui-bian_0001_R.jpg,closed
open\Cherie_Blair_0001_L.jpg,open
open\Cheryl_Ford_0001_R.jpg,closed
open\Chistian_Stahl_0001_R.jpg,open
open\Chris_Cornell_0001_L.jpg,open
open\Chris_Cornell_0001_R.jpg,open
open\Chris_Hernandez_0001_R.jpg,open
open\Chris_Noth_0001_L.jpg,open
open\Chris_Simon_0001_R.jpg,open
open\Christian_Wulff_0001_R.jpg,closed
open\Christine_Baumgartner_0001_L.jpg,open
open\Christine_Gregoire_0001_L.jpg,open
open\Christoph_Daum_0001_L.jpg,open
open\Chuck_Woolery_0001_L.jpg,open
open\Chuck_Woolery_0001_R.jpg,open
open\Chung_Mong-hun_0001_R.jpg,open
open\Cindy_Crawford_0001_L.jpg,open
open\Claire_Hentzen_0001_L.jpg,open
open\Claudine_Farrell_0001_L.jpg,open
open\Colin_Jackson_0001_L.jpg,open
open\Craig_David_0001_R.jpg,open
open\Craig_Morgan_0001_R.jpg,open
open\Daja_Bedanova_0001_L.jpg,open
open\Dalia_Rabin-Pelosoff_0001_L.jpg,open
open\Dan_Prinster_0001_L.jpg,open
open\Dan_Quayle_0001_R.jpg,open
open\Daniel_Comisso_Urdaneta_0001_R.jpg,open
open\Daniel_Kurtzer_0001_R.jpg,open
open\Daniela_Hantuchova_0001_R.jpg,open
open\Daniell_Sunjata_0001_R.jpg,open
open\Danis_Tanovic_0001_R.jpg,open
open\Daryl_Hannah_0001_L.jpg,open
open\Daryl_Hannah_0001_R.jpg,open
open\Dave_McGinnis_0001_L.jpg,open
open\Dave_Robertson_0001_L.jpg,open
open\David_Alpay_0001_R.jpg,open
open\David_Caruso_0001_L.jpg,open
open\David_Caruso_0001_R.jpg,open
open\David_Duval_0001_L.jpg,open
open\David_Sibleyk_0001_R.jpg,open
open\Debra_Shank_0001_R.jpg,open
open\Dexter_Jackson_0001_L.jpg,open
open\Dick_Devine_0001_L.jpg,open
open\Dick_Devine_0001_R.jpg,open
open\Dick_Latessa_0001_L.jpg,open
open\Dinora_Rosales_0001_R.jpg,open
open\Donatella_Versace_0001_R.jpg,open
open\Douglas_Faneuil_0001_L.jpg,open
open\Dwain_Kyles_0001_L.jpg,open
open\Dwayne_Johnson_0001_R.jpg,open
open\Ed_Book_0001_L.jpg,open
open\Ed_Sullivan_0001_R.jpg,open
open\Eduardo_Chillida_0001_R.jpg,open
open\Edward_Said_0001_R.jpg,open
open\Elizabeth_Hill_0001_R.jpg,open
open\Elizabeth_Taylor_0001_R.jpg,open
open\Emilio_Botin_0001_R.jpg,open
open\Emmanuel_Filiberto_0001_L.jpg,open
open\Enola_Rice_0001_L.jpg,open
open\Enrique_Iglesias_0001_R.jpg,open
open\Enrique_Medina_Gomez_0001_L.jpg,open
open\Eric_Fehr_0001_L.jpg,open
open\Eric_Robert_Rudolph_0001_L.jpg,open
open\Erik_Morales_0001_R.jpg,open
open\Erskine_Bowles_0001_L.jpg,open
open\Erwin_Abdullah_0001_L.jpg,open
open\Erwin_Abdullah_0001_R.jpg,open
open\Estella_Warren_0001_L.jpg,open
open\Farida_Ragoonanan_0001_R.jpg,open
open\Francisco_Garcia_0001_R.jpg,open
open\Francois_Botha_0001_R.jpg,open
open\Frank_Stallone_0001_L.jpg,open
open\Fred_Rogers_0001_R.jpg,open
open\Fred_Swan_0001_L.jpg,open
open\Garry_Kasparov_0001_R.jpg,open
open\Gary_Bauer_0001_L.jpg,open
open\Gerard_de_Cortanze_0001_L.jpg,open
open\Gloria_Allred_0001_R.jpg,open
open\Gordon_Cooper_0001_L.jpg,open
open\Greg_Kinnear_0001_R.jpg,open
